Timestamp,Track_ID,Vehicle_Type,Speed_kmh,Speed_Limit,Image_Path
2026-05-06 00:42:39,2,Car,50.96,50,violations\violation_2_20260506_004239_012.jpg
2026-05-06 00:42:47,8,Car,50.81,50,violations\violation_8_20260506_004247_863.jpg
2026-05-06 00:43:23,354,Car,54.88,50,violations\violation_354_20260506_004323_984.jpg
2026-05-06 00:43:46,631,Car,52.15,50,violations\violation_631_20260506_004346_864.jpg
2026-05-06 00:44:11,714,Car,50.11,50,violations\violation_714_20260506_004411_287.jpg
2026-05-06 00:44:20,857,Car,50.45,50,violations\violation_857_20260506_004420_885.jpg
2026-05-06 00:44:55,1225,Car,62.62,50,violations\violation_1225_20260506_004455_842.jpg
2026-05-06 00:45:03,1199,Car,50.60,50,violations\violation_1199_20260506_004503_561.jpg
2026-05-06 00:45:06,1238,Car,50.88,50,violations\violation_1238_20260506_004506_894.jpg
2026-05-06 00:45:06,1159,Car,50.50,50,violations\violation_1159_20260506_004506_993.jpg
2026-05-06 00:45:10,1284,Car,50.66,50,violations\violation_1284_20260506_004510_884.jpg
2026-05-06 00:49:37,1,Car,51.12,50,violations\violation_1_20260506_004937_104.jpg
2026-05-06 00:49:37,2,Car,51.81,50,violations\violation_2_20260506_004937_522.jpg
2026-05-06 00:49:39,3,Car,51.12,50,violations\violation_3_20260506_004939_619.jpg
2026-05-06 00:49:44,8,Car,50.47,50,violations\violation_8_20260506_004944_864.jpg
2026-05-06 00:49:50,7,Car,51.65,50,violations\violation_7_20260506_004950_671.jpg
2026-05-06 00:49:51,16,Car,50.78,50,violations\violation_16_20260506_004951_306.jpg
2026-05-06 00:50:08,155,Car,51.95,50,violations\violation_155_20260506_005008_739.jpg
2026-05-06 00:50:14,479,Car,50.44,50,violations\violation_479_20260506_005014_292.jpg
2026-05-06 00:50:17,231,Car,50.86,50,violations\violation_231_20260506_005017_964.jpg
2026-05-06 00:50:18,343,Car,50.79,50,violations\violation_343_20260506_005018_551.jpg
2026-05-06 00:50:19,354,Car,50.47,50,violations\violation_354_20260506_005019_926.jpg
2026-05-06 00:50:40,631,Car,51.23,50,violations\violation_631_20260506_005040_014.jpg
2026-05-06 00:50:49,632,Car,50.73,50,violations\violation_632_20260506_005049_039.jpg
2026-05-06 00:50:56,746,Car,50.09,50,violations\violation_746_20260506_005056_748.jpg
2026-05-06 00:51:00,817,Car,51.68,50,violations\violation_817_20260506_005100_894.jpg
2026-05-06 00:51:04,773,Car,52.67,50,violations\violation_773_20260506_005104_651.jpg
2026-05-06 00:51:05,714,Car,50.95,50,violations\violation_714_20260506_005105_037.jpg
2026-05-06 00:51:06,781,Car,50.31,50,violations\violation_781_20260506_005106_178.jpg
2026-05-06 00:51:12,857,Car,50.69,50,violations\violation_857_20260506_005112_946.jpg
2026-05-06 00:51:16,910,Car,50.09,50,violations\violation_910_20260506_005116_104.jpg
2026-05-06 00:51:22,1041,Car,50.66,50,violations\violation_1041_20260506_005122_520.jpg
2026-05-06 00:51:22,928,Car,50.98,50,violations\violation_928_20260506_005122_971.jpg
2026-05-06 00:51:28,982,Car,50.11,50,violations\violation_982_20260506_005128_702.jpg
2026-05-06 00:51:33,959,Car,51.31,50,violations\violation_959_20260506_005133_841.jpg
2026-05-06 00:51:36,1112,Car,52.15,50,violations\violation_1112_20260506_005136_795.jpg
2026-05-06 00:51:39,1110,Car,52.36,50,violations\violation_1110_20260506_005139_642.jpg
2026-05-06 00:51:40,1095,Car,50.76,50,violations\violation_1095_20260506_005140_218.jpg
2026-05-06 00:51:44,1038,Car,51.12,50,violations\violation_1038_20260506_005144_775.jpg
2026-05-06 00:51:46,1225,Car,70.45,50,violations\violation_1225_20260506_005146_596.jpg
2026-05-06 00:51:52,1219,Car,50.35,50,violations\violation_1219_20260506_005152_818.jpg
2026-05-06 00:51:54,1199,Car,54.07,50,violations\violation_1199_20260506_005154_227.jpg
2026-05-06 00:51:57,1238,Car,50.21,50,violations\violation_1238_20260506_005157_636.jpg
2026-05-06 00:51:57,1159,Car,52.32,50,violations\violation_1159_20260506_005157_731.jpg
2026-05-06 00:52:01,1284,Car,53.28,50,violations\violation_1284_20260506_005201_446.jpg
2026-05-06 00:52:03,1350,Car,55.81,50,violations\violation_1350_20260506_005203_681.jpg
2026-05-06 00:52:05,1248,Car,51.31,50,violations\violation_1248_20260506_005205_492.jpg
2026-05-06 00:52:36,1451,Car,52.37,50,violations\violation_1451_20260506_005236_534.jpg
2026-05-06 00:52:39,1,Car,51.12,50,violations\violation_1_20260506_005239_363.jpg
2026-05-06 00:52:40,2,Car,51.81,50,violations\violation_2_20260506_005240_284.jpg
2026-05-06 00:52:44,3,Car,51.12,50,violations\violation_3_20260506_005244_506.jpg
2026-05-06 00:52:47,1422,Car,50.14,50,violations\violation_1422_20260506_005247_134.jpg
2026-05-06 00:52:52,8,Car,50.47,50,violations\violation_8_20260506_005252_731.jpg
2026-05-06 00:52:55,1574,Car,50.14,50,violations\violation_1574_20260506_005255_240.jpg
2026-05-06 00:53:17,1624,Car,50.67,50,violations\violation_1624_20260506_005317_118.jpg
2026-05-06 00:53:25,1607,Car,51.58,50,violations\violation_1607_20260506_005325_254.jpg
2026-05-06 00:53:30,1722,Car,50.69,50,violations\violation_1722_20260506_005330_788.jpg
2026-05-06 00:53:35,1811,Car,55.19,50,violations\violation_1811_20260506_005335_196.jpg
2026-05-06 00:53:42,1818,Car,50.68,50,violations\violation_1818_20260506_005342_182.jpg
2026-05-06 00:54:06,1964,Car,51.83,50,violations\violation_1964_20260506_005406_423.jpg
2026-05-06 00:54:06,1954,Car,50.67,50,violations\violation_1954_20260506_005406_620.jpg
2026-05-06 10:05:15,1,Car,51.12,50,violations\violation_1_20260506_100515_288.jpg
2026-05-06 10:05:15,2,Car,51.81,50,violations\violation_2_20260506_100515_850.jpg
2026-05-06 10:05:18,3,Car,51.12,50,violations\violation_3_20260506_100518_291.jpg
2026-05-06 10:05:24,8,Car,50.47,50,violations\violation_8_20260506_100524_333.jpg
2026-05-06 10:28:25,1,Car,51.12,50,violations\violation_1_20260506_102825_825.jpg
2026-05-06 10:28:26,2,Car,51.81,50,violations\violation_2_20260506_102826_828.jpg
2026-05-06 10:28:31,3,Car,51.12,50,violations\violation_3_20260506_102831_147.jpg
2026-05-06 10:28:39,8,Car,50.47,50,violations\violation_8_20260506_102839_814.jpg
2026-05-06 10:28:49,7,Car,51.65,50,violations\violation_7_20260506_102849_266.jpg
2026-05-06 10:28:50,16,Car,50.78,50,violations\violation_16_20260506_102850_323.jpg
2026-05-06 11:18:16,1,Car,44.57,40,violations\violation_1_20260506_111816_122.jpg
2026-05-06 11:18:16,4,Car,40.19,40,violations\violation_4_20260506_111816_141.jpg
2026-05-06 11:18:16,7,Car,103.27,40,violations\violation_7_20260506_111816_171.jpg
2026-05-06 11:18:16,9,Car,88.90,40,violations\violation_9_20260506_111816_191.jpg
2026-05-06 11:18:16,2,Car,44.15,40,violations\violation_2_20260506_111816_531.jpg
2026-05-06 11:18:17,3,Car,41.65,40,violations\violation_3_20260506_111817_203.jpg
2026-05-06 11:18:17,6,Car,71.10,40,violations\violation_6_20260506_111817_219.jpg
2026-05-06 11:18:17,14,Car,126.65,40,violations\violation_14_20260506_111817_229.jpg
2026-05-06 11:18:17,5,Car,42.59,40,violations\violation_5_20260506_111817_524.jpg
2026-05-06 11:18:17,8,Car,41.19,40,violations\violation_8_20260506_111817_586.jpg
2026-05-06 11:18:17,10,Car,45.23,40,violations\violation_10_20260506_111817_904.jpg
2026-05-06 11:18:18,16,Car,46.35,40,violations\violation_16_20260506_111818_363.jpg
2026-05-06 11:18:19,28,Car,50.84,40,violations\violation_28_20260506_111819_308.jpg
2026-05-06 11:18:20,34,Car,49.92,40,violations\violation_34_20260506_111820_589.jpg
2026-05-06 11:18:22,77,Car,44.35,40,violations\violation_77_20260506_111822_683.jpg
2026-05-06 11:18:25,105,Car,100.80,40,violations\violation_105_20260506_111825_494.jpg
2026-05-06 11:18:27,117,Car,47.74,40,violations\violation_117_20260506_111827_316.jpg
2026-05-06 11:18:27,122,Car,40.55,40,violations\violation_122_20260506_111827_780.jpg
2026-05-06 11:18:29,142,Car,117.19,40,violations\violation_142_20260506_111829_923.jpg
2026-05-06 11:18:33,155,Car,66.67,40,violations\violation_155_20260506_111833_222.jpg
2026-05-06 11:18:33,150,Car,59.14,40,violations\violation_150_20260506_111833_234.jpg
2026-05-06 11:18:34,139,Car,44.12,40,violations\violation_139_20260506_111834_921.jpg
2026-05-06 11:18:42,180,Car,50.52,40,violations\violation_180_20260506_111842_652.jpg
2026-05-06 11:18:45,211,Truck,59.08,40,violations\violation_211_20260506_111845_765.jpg
2026-05-06 11:18:46,212,Car,68.42,40,violations\violation_212_20260506_111846_262.jpg
2026-05-06 11:18:47,220,Car,49.52,40,violations\violation_220_20260506_111847_572.jpg
2026-05-06 11:18:49,231,Car,47.92,40,violations\violation_231_20260506_111849_456.jpg
2026-05-06 11:18:50,227,Car,42.75,40,violations\violation_227_20260506_111850_305.jpg
2026-05-06 11:18:50,237,Car,40.56,40,violations\violation_237_20260506_111850_455.jpg
2026-05-06 11:18:51,243,Car,44.18,40,violations\violation_243_20260506_111851_875.jpg
2026-05-06 11:19:47,7,Car,103.27,50,violations\violation_7_20260506_111947_428.jpg
2026-05-06 11:19:47,9,Car,88.90,50,violations\violation_9_20260506_111947_445.jpg
2026-05-06 11:19:47,1,Car,58.65,50,violations\violation_1_20260506_111947_706.jpg
2026-05-06 11:19:48,6,Car,71.10,50,violations\violation_6_20260506_111948_410.jpg
2026-05-06 11:19:48,14,Car,126.65,50,violations\violation_14_20260506_111948_420.jpg
2026-05-06 11:19:48,2,Car,51.08,50,violations\violation_2_20260506_111948_844.jpg
2026-05-06 11:19:49,10,Car,51.72,50,violations\violation_10_20260506_111949_050.jpg
2026-05-06 11:19:49,5,Car,51.83,50,violations\violation_5_20260506_111949_283.jpg
2026-05-06 11:19:49,16,Car,56.55,50,violations\violation_16_20260506_111949_484.jpg
2026-05-06 11:19:50,28,Car,50.84,50,violations\violation_28_20260506_111950_058.jpg
2026-05-06 11:19:51,8,Car,60.52,50,violations\violation_8_20260506_111951_454.jpg
2026-05-06 11:19:51,34,Car,50.19,50,violations\violation_34_20260506_111951_868.jpg
2026-05-06 11:19:52,3,Car,51.03,50,violations\violation_3_20260506_111952_829.jpg
2026-05-06 11:19:55,77,Car,52.11,50,violations\violation_77_20260506_111955_068.jpg
2026-05-06 11:19:55,105,Car,100.80,50,violations\violation_105_20260506_111955_866.jpg
2026-05-06 11:19:58,117,Car,50.18,50,violations\violation_117_20260506_111958_060.jpg
2026-05-06 11:20:00,142,Car,117.19,50,violations\violation_142_20260506_112000_037.jpg
2026-05-06 11:20:03,155,Car,66.67,50,violations\violation_155_20260506_112003_239.jpg
2026-05-06 11:20:03,150,Car,59.14,50,violations\violation_150_20260506_112003_248.jpg
2026-05-06 11:20:12,180,Car,50.52,50,violations\violation_180_20260506_112012_226.jpg
2026-05-06 11:20:15,211,Truck,59.08,50,violations\violation_211_20260506_112015_416.jpg
2026-05-06 11:20:15,212,Car,68.42,50,violations\violation_212_20260506_112015_905.jpg
2026-05-06 11:20:18,220,Car,54.74,50,violations\violation_220_20260506_112018_621.jpg
2026-05-06 11:20:19,231,Car,56.32,50,violations\violation_231_20260506_112019_082.jpg
2026-05-06 11:20:19,227,Car,51.75,50,violations\violation_227_20260506_112019_956.jpg
2026-05-06 11:20:23,243,Car,53.62,50,violations\violation_243_20260506_112023_238.jpg
2026-05-06 11:20:25,310,Car,50.92,50,violations\violation_310_20260506_112025_232.jpg
2026-05-06 11:20:28,343,Car,50.57,50,violations\violation_343_20260506_112028_293.jpg
2026-05-06 11:20:29,269,Car,53.87,50,violations\violation_269_20260506_112029_105.jpg
2026-05-06 11:20:29,354,Car,50.44,50,violations\violation_354_20260506_112029_263.jpg
2026-05-06 11:20:31,372,Car,58.99,50,violations\violation_372_20260506_112031_483.jpg
2026-05-06 11:20:33,334,Car,50.04,50,violations\violation_334_20260506_112033_666.jpg
2026-05-06 11:20:33,299,Car,57.48,50,violations\violation_299_20260506_112033_820.jpg
2026-05-06 11:20:33,387,Car,51.87,50,violations\violation_387_20260506_112033_961.jpg
2026-05-06 11:20:35,452,Car,52.37,50,violations\violation_452_20260506_112035_843.jpg
2026-05-06 11:20:35,434,Car,51.12,50,violations\violation_434_20260506_112035_996.jpg
2026-05-06 11:20:36,443,Car,56.03,50,violations\violation_443_20260506_112036_344.jpg
2026-05-06 11:20:39,479,Car,50.56,50,violations\violation_479_20260506_112039_100.jpg
2026-05-06 11:22:59,105,Car,64.98,60,violations\violation_105_20260506_112259_316.jpg
2026-05-06 11:23:13,372,Car,61.09,60,violations\violation_372_20260506_112313_623.jpg
2026-05-06 11:23:21,354,Car,60.66,60,violations\violation_354_20260506_112321_479.jpg
2026-05-06 11:27:05,105,Car,64.98,60,violations\violation_105_20260506_112705_282.jpg
2026-05-06 11:27:19,372,Car,61.09,60,violations\violation_372_20260506_112719_614.jpg
2026-05-06 11:27:27,354,Car,60.66,60,violations\violation_354_20260506_112727_994.jpg
2026-05-06 11:30:33,105,Car,64.98,60,violations\violation_105_20260506_113033_077.jpg
2026-05-06 11:30:47,372,Car,61.09,60,violations\violation_372_20260506_113047_269.jpg
2026-05-06 11:35:34,105,Car,64.98,60,violations\violation_105_20260506_113534_029.jpg
2026-05-06 13:09:46,105,Car,64.98,60,violations\violation_105_20260506_130946_139.jpg
2026-05-06 13:10:08,372,Car,61.09,60,violations\violation_372_20260506_131008_786.jpg
2026-05-06 13:10:18,354,Car,60.66,60,violations\violation_354_20260506_131018_233.jpg
2026-05-06 13:58:24,17,Car,94.91,60,violations\violation_17_20260506_135824_920.jpg
2026-05-06 13:58:35,82,Car,106.47,60,violations\violation_82_20260506_135835_888.jpg
2026-05-06 14:01:15,17,Car,60.27,60,violations\violation_17_20260506_140115_259.jpg
2026-05-06 14:01:24,82,Car,64.25,60,violations\violation_82_20260506_140124_777.jpg
2026-05-06 14:03:16,105,Car,64.98,60,violations\violation_105_20260506_140316_407.jpg
2026-05-06 15:24:36,105,Car,64.98,60,violations\violation_105_20260506_152436_113.jpg
2026-05-06 15:24:53,372,Car,61.09,60,violations\violation_372_20260506_152453_543.jpg
2026-05-06 15:25:03,354,Car,60.66,60,violations\violation_354_20260506_152503_597.jpg
2026-05-06 16:22:34,105,Car,64.98,60,violations\violation_105_20260506_162234_236.jpg
2026-05-06 16:22:51,372,Car,61.09,60,violations\violation_372_20260506_162251_571.jpg
